Priority,Partition,SentTime,ReceivedTime,TimeSpent,PayloadSize
default,15,2024-03-01 14:58:04.459 +0000 GMT,2024-03-01 14:58:04.469368 +0000 GMT m=+71.739389453,10,83
default,15,2024-03-01 14:58:04.459 +0000 GMT,2024-03-01 14:58:04.469748 +0000 GMT m=+71.739768881,10,83
default,15,2024-03-01 14:58:04.459 +0000 GMT,2024-03-01 14:58:04.470104 +0000 GMT m=+71.740124970,11,83
default,15,2024-03-01 14:58:04.459 +0000 GMT,2024-03-01 14:58:04.47022 +0000 GMT m=+71.740240865,11,83
default,15,2024-03-01 14:58:04.459 +0000 GMT,2024-03-01 14:58:04.470319 +0000 GMT m=+71.740339685,11,83
default,15,2024-03-01 14:58:04.459 +0000 GMT,2024-03-01 14:58:04.470411 +0000 GMT m=+71.740432478,11,83
default,15,2024-03-01 14:58:04.459 +0000 GMT,2024-03-01 14:58:04.470527 +0000 GMT m=+71.740547915,11,83
default,15,2024-03-01 14:58:04.459 +0000 GMT,2024-03-01 14:58:04.470621 +0000 GMT m=+71.740642178,11,83
default,15,2024-03-01 14:58:04.459 +0000 GMT,2024-03-01 14:58:04.470794 +0000 GMT m=+71.740815622,11,83
default,15,2024-03-01 14:58:04.459 +0000 GMT,2024-03-01 14:58:04.470983 +0000 GMT m=+71.741004138,11,83
default,15,2024-03-01 14:58:04.459 +0000 GMT,2024-03-01 14:58:04.471125 +0000 GMT m=+71.741145829,12,83
default,15,2024-03-01 14:58:04.459 +0000 GMT,2024-03-01 14:58:04.47123 +0000 GMT m=+71.741251160,12,83
default,15,2024-03-01 14:58:04.459 +0000 GMT,2024-03-01 14:58:04.471334 +0000 GMT m=+71.741354602,12,83
default,15,2024-03-01 14:58:04.459 +0000 GMT,2024-03-01 14:58:04.471452 +0000 GMT m=+71.741473294,12,83
default,15,2024-03-01 14:58:04.459 +0000 GMT,2024-03-01 14:58:04.471548 +0000 GMT m=+71.741568880,12,83
default,15,2024-03-01 14:58:04.459 +0000 GMT,2024-03-01 14:58:04.47165 +0000 GMT m=+71.741671311,12,83
default,15,2024-03-01 14:58:04.459 +0000 GMT,2024-03-01 14:58:04.471764 +0000 GMT m=+71.741785536,12,83
default,15,2024-03-01 14:58:04.459 +0000 GMT,2024-03-01 14:58:04.471888 +0000 GMT m=+71.741909091,12,83
default,15,2024-03-01 14:58:04.459 +0000 GMT,2024-03-01 14:58:04.472008 +0000 GMT m=+71.742029026,13,83
default,15,2024-03-01 14:58:04.459 +0000 GMT,2024-03-01 14:58:04.472135 +0000 GMT m=+71.742156102,13,83
default,15,2024-03-01 14:58:04.459 +0000 GMT,2024-03-01 14:58:04.47238 +0000 GMT m=+71.742400762,13,83
default,15,2024-03-01 14:58:04.459 +0000 GMT,2024-03-01 14:58:04.472515 +0000 GMT m=+71.742535709,13,83
default,15,2024-03-01 14:58:04.459 +0000 GMT,2024-03-01 14:58:04.472628 +0000 GMT m=+71.742649558,13,83
default,15,2024-03-01 14:58:04.459 +0000 GMT,2024-03-01 14:58:04.472724 +0000 GMT m=+71.742744903,13,83
default,15,2024-03-01 14:58:04.459 +0000 GMT,2024-03-01 14:58:04.472819 +0000 GMT m=+71.742839834,13,83
default,15,2024-03-01 14:58:04.459 +0000 GMT,2024-03-01 14:58:04.47291 +0000 GMT m=+71.742931279,13,83
default,15,2024-03-01 14:58:04.459 +0000 GMT,2024-03-01 14:58:04.473052 +0000 GMT m=+71.743073558,14,83
default,15,2024-03-01 14:58:04.459 +0000 GMT,2024-03-01 14:58:04.473187 +0000 GMT m=+71.743208316,14,83
default,15,2024-03-01 14:58:04.459 +0000 GMT,2024-03-01 14:58:04.473301 +0000 GMT m=+71.743322226,14,83
default,15,2024-03-01 14:58:04.459 +0000 GMT,2024-03-01 14:58:04.473397 +0000 GMT m=+71.743418175,14,83
high,9,2024-03-01 14:58:04.459 +0000 GMT,2024-03-01 14:58:04.473495 +0000 GMT m=+71.743516316,14,83
high,9,2024-03-01 14:58:04.459 +0000 GMT,2024-03-01 14:58:04.473586 +0000 GMT m=+71.743607528,14,83
high,9,2024-03-01 14:58:04.459 +0000 GMT,2024-03-01 14:58:04.473683 +0000 GMT m=+71.743704416,14,83
high,9,2024-03-01 14:58:04.459 +0000 GMT,2024-03-01 14:58:04.473774 +0000 GMT m=+71.743794780,14,83
high,9,2024-03-01 14:58:04.459 +0000 GMT,2024-03-01 14:58:04.473866 +0000 GMT m=+71.743887261,14,83
high,9,2024-03-01 14:58:04.459 +0000 GMT,2024-03-01 14:58:04.47399 +0000 GMT m=+71.744010987,14,83
high,9,2024-03-01 14:58:04.459 +0000 GMT,2024-03-01 14:58:04.474122 +0000 GMT m=+71.744143143,15,83
high,9,2024-03-01 14:58:04.459 +0000 GMT,2024-03-01 14:58:04.474229 +0000 GMT m=+71.744250502,15,83
high,9,2024-03-01 14:58:04.459 +0000 GMT,2024-03-01 14:58:04.474331 +0000 GMT m=+71.744351640,15,83
high,9,2024-03-01 14:58:04.459 +0000 GMT,2024-03-01 14:58:04.474427 +0000 GMT m=+71.744447886,15,83
high,9,2024-03-01 14:58:04.459 +0000 GMT,2024-03-01 14:58:04.474621 +0000 GMT m=+71.744642248,15,83
high,9,2024-03-01 14:58:04.459 +0000 GMT,2024-03-01 14:58:04.474722 +0000 GMT m=+71.744743346,15,83
high,9,2024-03-01 14:58:04.459 +0000 GMT,2024-03-01 14:58:04.474824 +0000 GMT m=+71.744845102,15,83
high,9,2024-03-01 14:58:04.459 +0000 GMT,2024-03-01 14:58:04.474929 +0000 GMT m=+71.744949904,15,83
high,9,2024-03-01 14:58:04.459 +0000 GMT,2024-03-01 14:58:04.47503 +0000 GMT m=+71.745051330,16,83
high,9,2024-03-01 14:58:04.459 +0000 GMT,2024-03-01 14:58:04.475129 +0000 GMT m=+71.745149822,16,83
high,9,2024-03-01 14:58:04.459 +0000 GMT,2024-03-01 14:58:04.475237 +0000 GMT m=+71.745257803,16,83
high,9,2024-03-01 14:58:04.459 +0000 GMT,2024-03-01 14:58:04.475337 +0000 GMT m=+71.745357768,16,83
high,9,2024-03-01 14:58:04.459 +0000 GMT,2024-03-01 14:58:04.475448 +0000 GMT m=+71.745469101,16,83
high,9,2024-03-01 14:58:04.459 +0000 GMT,2024-03-01 14:58:04.475555 +0000 GMT m=+71.745576216,16,83
high,9,2024-03-01 14:58:04.459 +0000 GMT,2024-03-01 14:58:04.475658 +0000 GMT m=+71.745678746,16,83
high,9,2024-03-01 14:58:04.459 +0000 GMT,2024-03-01 14:58:04.475763 +0000 GMT m=+71.745783828,16,83
high,9,2024-03-01 14:58:04.459 +0000 GMT,2024-03-01 14:58:04.475866 +0000 GMT m=+71.745886761,16,83
high,9,2024-03-01 14:58:04.459 +0000 GMT,2024-03-01 14:58:04.476003 +0000 GMT m=+71.746024623,17,83
high,9,2024-03-01 14:58:04.459 +0000 GMT,2024-03-01 14:58:04.476135 +0000 GMT m=+71.746156336,17,83
high,9,2024-03-01 14:58:04.459 +0000 GMT,2024-03-01 14:58:04.476252 +0000 GMT m=+71.746273374,17,83
high,9,2024-03-01 14:58:04.459 +0000 GMT,2024-03-01 14:58:04.476353 +0000 GMT m=+71.746373643,17,83
high,9,2024-03-01 14:58:04.459 +0000 GMT,2024-03-01 14:58:04.476452 +0000 GMT m=+71.746472940,17,83
high,9,2024-03-01 14:58:04.459 +0000 GMT,2024-03-01 14:58:04.476595 +0000 GMT m=+71.746616371,17,83
high,9,2024-03-01 14:58:04.459 +0000 GMT,2024-03-01 14:58:04.476737 +0000 GMT m=+71.746757826,17,83
low,1,2024-03-01 14:58:04.459 +0000 GMT,2024-03-01 14:58:04.476844 +0000 GMT m=+71.746865435,17,83
low,1,2024-03-01 14:58:04.459 +0000 GMT,2024-03-01 14:58:04.476944 +0000 GMT m=+71.746965081,17,83
low,1,2024-03-01 14:58:04.459 +0000 GMT,2024-03-01 14:58:04.477046 +0000 GMT m=+71.747067047,18,83
low,1,2024-03-01 14:58:04.459 +0000 GMT,2024-03-01 14:58:04.47714 +0000 GMT m=+71.747161131,18,83
low,1,2024-03-01 14:58:04.459 +0000 GMT,2024-03-01 14:58:04.477288 +0000 GMT m=+71.747308925,18,83
low,1,2024-03-01 14:58:04.459 +0000 GMT,2024-03-01 14:58:04.477416 +0000 GMT m=+71.747437552,18,83
low,1,2024-03-01 14:58:04.459 +0000 GMT,2024-03-01 14:58:04.477529 +0000 GMT m=+71.747549659,18,83
low,1,2024-03-01 14:58:04.459 +0000 GMT,2024-03-01 14:58:04.477638 +0000 GMT m=+71.747659046,18,83
low,1,2024-03-01 14:58:04.459 +0000 GMT,2024-03-01 14:58:04.477819 +0000 GMT m=+71.747840194,18,83
low,1,2024-03-01 14:58:04.459 +0000 GMT,2024-03-01 14:58:04.477923 +0000 GMT m=+71.747944347,18,83
low,1,2024-03-01 14:58:04.459 +0000 GMT,2024-03-01 14:58:04.478028 +0000 GMT m=+71.748048725,19,83
low,1,2024-03-01 14:58:04.459 +0000 GMT,2024-03-01 14:58:04.478128 +0000 GMT m=+71.748149093,19,83
low,1,2024-03-01 14:58:04.459 +0000 GMT,2024-03-01 14:58:04.478233 +0000 GMT m=+71.748254326,19,83
low,1,2024-03-01 14:58:04.459 +0000 GMT,2024-03-01 14:58:04.478332 +0000 GMT m=+71.748353039,19,83
low,1,2024-03-01 14:58:04.459 +0000 GMT,2024-03-01 14:58:04.478433 +0000 GMT m=+71.748454286,19,83
low,1,2024-03-01 14:58:04.459 +0000 GMT,2024-03-01 14:58:04.478532 +0000 GMT m=+71.748552723,19,83
low,1,2024-03-01 14:58:04.459 +0000 GMT,2024-03-01 14:58:04.478633 +0000 GMT m=+71.748654417,19,83
low,1,2024-03-01 14:58:04.459 +0000 GMT,2024-03-01 14:58:04.478732 +0000 GMT m=+71.748753499,19,83
low,1,2024-03-01 14:58:04.459 +0000 GMT,2024-03-01 14:58:04.478833 +0000 GMT m=+71.748854471,19,83
low,1,2024-03-01 14:58:04.459 +0000 GMT,2024-03-01 14:58:04.478932 +0000 GMT m=+71.748953490,19,83
low,1,2024-03-01 14:58:04.459 +0000 GMT,2024-03-01 14:58:04.479054 +0000 GMT m=+71.749074900,20,83
low,1,2024-03-01 14:58:04.459 +0000 GMT,2024-03-01 14:58:04.479252 +0000 GMT m=+71.749273112,20,83
low,1,2024-03-01 14:58:04.459 +0000 GMT,2024-03-01 14:58:04.479371 +0000 GMT m=+71.749392345,20,83
low,1,2024-03-01 14:58:04.459 +0000 GMT,2024-03-01 14:58:04.479481 +0000 GMT m=+71.749502501,20,83
low,1,2024-03-01 14:58:04.459 +0000 GMT,2024-03-01 14:58:04.479587 +0000 GMT m=+71.749608171,20,83
low,1,2024-03-01 14:58:04.459 +0000 GMT,2024-03-01 14:58:04.479686 +0000 GMT m=+71.749707175,20,83
low,1,2024-03-01 14:58:04.459 +0000 GMT,2024-03-01 14:58:04.479793 +0000 GMT m=+71.749813859,20,83
low,1,2024-03-01 14:58:04.459 +0000 GMT,2024-03-01 14:58:04.479893 +0000 GMT m=+71.749913684,20,83
low,1,2024-03-01 14:58:04.459 +0000 GMT,2024-03-01 14:58:04.479995 +0000 GMT m=+71.750016610,20,83
low,1,2024-03-01 14:58:04.459 +0000 GMT,2024-03-01 14:58:04.480114 +0000 GMT m=+71.750135366,21,83
medium,3,2024-03-01 14:58:04.459 +0000 GMT,2024-03-01 14:58:04.480219 +0000 GMT m=+71.750240293,21,83
medium,3,2024-03-01 14:58:04.459 +0000 GMT,2024-03-01 14:58:04.480325 +0000 GMT m=+71.750345786,21,83
medium,3,2024-03-01 14:58:04.459 +0000 GMT,2024-03-01 14:58:04.48043 +0000 GMT m=+71.750450794,21,83
medium,3,2024-03-01 14:58:04.459 +0000 GMT,2024-03-01 14:58:04.48053 +0000 GMT m=+71.750550909,21,83
medium,3,2024-03-01 14:58:04.459 +0000 GMT,2024-03-01 14:58:04.480633 +0000 GMT m=+71.750654407,21,83
medium,3,2024-03-01 14:58:04.459 +0000 GMT,2024-03-01 14:58:04.480733 +0000 GMT m=+71.750754566,21,83
medium,3,2024-03-01 14:58:04.459 +0000 GMT,2024-03-01 14:58:04.48084 +0000 GMT m=+71.750861463,21,83
medium,3,2024-03-01 14:58:04.459 +0000 GMT,2024-03-01 14:58:04.480945 +0000 GMT m=+71.750966025,21,83
medium,3,2024-03-01 14:58:04.459 +0000 GMT,2024-03-01 14:58:04.481061 +0000 GMT m=+71.751081724,22,83
medium,3,2024-03-01 14:58:04.459 +0000 GMT,2024-03-01 14:58:04.481162 +0000 GMT m=+71.751183177,22,83
medium,3,2024-03-01 14:58:04.459 +0000 GMT,2024-03-01 14:58:04.481272 +0000 GMT m=+71.751292696,22,83
medium,3,2024-03-01 14:58:04.459 +0000 GMT,2024-03-01 14:58:04.481379 +0000 GMT m=+71.751399956,22,83
medium,3,2024-03-01 14:58:04.459 +0000 GMT,2024-03-01 14:58:04.481499 +0000 GMT m=+71.751520388,22,83
medium,3,2024-03-01 14:58:04.459 +0000 GMT,2024-03-01 14:58:04.4816 +0000 GMT m=+71.751621517,22,83
medium,3,2024-03-01 14:58:04.459 +0000 GMT,2024-03-01 14:58:04.481705 +0000 GMT m=+71.751726386,22,83
medium,3,2024-03-01 14:58:04.459 +0000 GMT,2024-03-01 14:58:04.48181 +0000 GMT m=+71.751830943,22,83
medium,3,2024-03-01 14:58:04.459 +0000 GMT,2024-03-01 14:58:04.481921 +0000 GMT m=+71.751942121,22,83
medium,3,2024-03-01 14:58:04.459 +0000 GMT,2024-03-01 14:58:04.482021 +0000 GMT m=+71.752042517,23,83
medium,3,2024-03-01 14:58:04.459 +0000 GMT,2024-03-01 14:58:04.482125 +0000 GMT m=+71.752146078,23,83
medium,3,2024-03-01 14:58:04.459 +0000 GMT,2024-03-01 14:58:04.482225 +0000 GMT m=+71.752245662,23,83
medium,3,2024-03-01 14:58:04.459 +0000 GMT,2024-03-01 14:58:04.482343 +0000 GMT m=+71.752364466,23,83
medium,3,2024-03-01 14:58:04.459 +0000 GMT,2024-03-01 14:58:04.482446 +0000 GMT m=+71.752466723,23,83
medium,3,2024-03-01 14:58:04.459 +0000 GMT,2024-03-01 14:58:04.482557 +0000 GMT m=+71.752578346,23,83
medium,3,2024-03-01 14:58:04.459 +0000 GMT,2024-03-01 14:58:04.482658 +0000 GMT m=+71.752679105,23,83
medium,3,2024-03-01 14:58:04.459 +0000 GMT,2024-03-01 14:58:04.482764 +0000 GMT m=+71.752785238,23,83
medium,3,2024-03-01 14:58:04.459 +0000 GMT,2024-03-01 14:58:04.482862 +0000 GMT m=+71.752883547,23,83
medium,3,2024-03-01 14:58:04.459 +0000 GMT,2024-03-01 14:58:04.482963 +0000 GMT m=+71.752984156,23,83
medium,3,2024-03-01 14:58:04.459 +0000 GMT,2024-03-01 14:58:04.483064 +0000 GMT m=+71.753085580,24,83
medium,3,2024-03-01 14:58:04.459 +0000 GMT,2024-03-01 14:58:04.483167 +0000 GMT m=+71.753187686,24,83
medium,3,2024-03-01 14:58:04.459 +0000 GMT,2024-03-01 14:58:04.483267 +0000 GMT m=+71.753287906,24,83
